true_id;canonical_fio;src_projects_emp_id;src_projects_raw;src_projects_variant;src_hr_person_id;src_hr_raw;src_hr_variant
1;ван Бетховен Людвиг;1;Бетховен, ван Людвиг;foreign_prefix_variation;1;ван Бетховен Людвиг;etymology_cognate
2;фон дер Ляйен Урсула;2;фондер-Ляйен Урсула;foreign_prefix_variation;2;Ляйен, фондер Урсула;foreign_prefix_variation
3;де Голль Шарль;3;ДеГолль Шарль;foreign_prefix_variation;3;Голль, де Шарль;foreign_prefix_variation
4;де Сент-Экзюпери Антуан Мари;4;де Сент-Экзюпери Антуан Мари;exact;4;де-Сент-Экзюпери Антуан;foreign_prefix_variation
5;Бах Иоганн Себастьян;;;;5;Бах Иоганн Себастьян ;compound_multi_name
6;Бонапарт Шарль Луи Наполеон;5;Шарль Луи Наполеон  Бонапарт;reverse_order;6;Бонапарт Ш.;initials_first_only
7;Нойвирт Карл Хайнц Фридрих Вильгельм;6;Нойвирт Карл Хайнц Фридрих Вильгельм;foreign_prefix_variation;7;Нойвирт Карл Хайнц Фридрих Вильгельм ;compound_multi_name
8;Смирнова Анна-Мария Ивановна;7;Смирнова Мария Анна;compound_multi_name;8;Смирнова Анна-Мария Ивановна;exact
9;Мамин-Сибиряк Дмитрий Наркисович;8;Мамин-Сибиряк Дмитрий Наркисович;compound_multi_name;9;Мамин-Сибиряк Д.Н.;initials_full
10;Римский-Корсаков Николай Андреевич;9;Nikolay Rimskiy-Korsakov;translit_en;10;Римский-Кoрсаков Никoлай Андреевич;homoglyph_mixed
11;Егоров Юрий Георгиевич;10;Егоров Юрий Георгиевич;compound_multi_name;11;Егоров Георгий Георгиевич;etymology_cognate
12;Кузнецов Георгий Егорович;11;Кузнецов Георгий Егорович (профессор);honorific_title;12;Кузнецов Георгий Егорович;homoglyph_mixed
13;Васильев Егор Юрьевич;;;;13;Васильев Георгий Юрьевич;etymology_cognate
14;Попова Оксана Сергеевна;12;Oksana Popova;translit_en;;;
15;Федоров Иван Янович;;;;14;Федоров Ян Янович;etymology_cognate
16;Попова Урсула Никитична;13;Попова Урсула Никитична;foreign_prefix_variation;;;
17;Лебедев Василий-Василий Вильгельмович;14;Лебедев Василий Василий;compound_multi_name;15;Лебедев Василий Василий;compound_multi_name
18;Салтыков-Щедрин Андрей Иванович;15;Андрей Иванович Салтыков-Щедрин;reverse_order;16;уважаемый Андрей Салтыков-Щедрин;honorific_title
19;Титова Дарья Жановна;16;Титова Дарья Жановна;compound_multi_name;17;Титова Дарья Жановна;etymology_cognate
20;Иванова Мари Данииловна;17;Мари Данииловна Иванова;reverse_order;18;Иванова Мари Данииловна;exact
21;Николаев Илья-Эдуард Станиславович;18;Николаев Илья Эдуард;compound_multi_name;;;
22;Виноградов Матвей Артемович;19;Матвей Артемович Виноградов;reverse_order;19;Виногрaдов Мaтвей Аpтeмович;homoglyph_mixed
23;Антонов Валерий Олегович;20;сэр Антонов Валерий;honorific_title;20;Антонов Валерий Олегович;exact
24;Белова Олеся Егоровна;;;;21;<tkjdf Jktcz;keyboard_layout
25;Григорьев Олег Валерьевич;21;Григорьев Олег Валерьевич;exact;;;
26;Антонова Екатерина Луисовна;22;Екатерина Луисовна Антонова;reverse_order;;;
27;Медведев Тимофей Игоревич;;;;22;Vtldtltd Nbvjatq;keyboard_layout
28;Вебер София Валентиновна;23;Вебер София Валентиновна;foreign_prefix_variation;23;господин Вебер София;honorific_title
29;Воробьев Даниил Полевич;24;Даниил Воробьев;first_last;;;
30;Смит Ульяна Кирилловна;25;Смит Ульяна Кирилловна;compound_multi_name;24;Смит Ульяна Кирилловна;foreign_prefix_variation
31;Михайлова Дарья Антоновна;26;уважаемый Дарья Михайлова;honorific_title;25;Mихaйлoва Дaрья Aнтоновна;homoglyph_mixed
32;Новиков Илья Романович;27;Новиков Илья Романович;compound_multi_name;26;Новиков И.Р.;initials_full
33;Миллер Луи Георгиевич;28;Миллер Луи Георгиевич;foreign_prefix_variation;27;Миллер Луи Георгиевич;foreign_prefix_variation
34;де Голль Матвей Вильгельмович;29;де Голль Матвей Вильгельмович;compound_multi_name;28;де Голль М.В.;initials_full
35;Яковлев Геннадий Майклович;30;Геннадий Майклович Яковлев;reverse_order;29;Яковлев Геннадий Майклович;etymology_cognate
36;Семенова Валерия Данииловна;31;Валерия Семенова;first_last;30;Ctvtyjdf Dfkthbz;keyboard_layout
37;Новиков Юрий Эдуардович;32;Юрий Эдуардович Новиков;reverse_order;31;Новиков Георгий Эдуардович;etymology_cognate
38;Сергеев Алексей Владимирович;33;Сергеев Алексей Владимирович;compound_multi_name;32;Сергeев Алексей Владимирoвич;homoglyph_mixed
39;Фролов Станислав Владимирович;34;Фролов Станислав Владимирович;foreign_prefix_variation;33;Фролов Станислав Владимирович;foreign_prefix_variation
40;Иванов Матвей Джорджевич;35;Иванов Матвей Джорджевич;exact;34;Ивaнов Maтвей Джоpджевич;homoglyph_mixed
41;Лебедев Павел Джорджевич;36;товарищ Лебедев Павел;honorific_title;35;Лебедев Павел Джорджевич;etymology_cognate
42;Орлов Александр Русланович;;;;36;Jhkjd Fktrcfylh;keyboard_layout
43;Белов Петр-Валерий Львович;37;Белов Петр Валерий;compound_multi_name;37;Белов Петр Валерий;compound_multi_name
44;Мамин-Сибиряк Вадим-Карл Вячеславович;38;Мамин-Сибиряк Вадим Карл;compound_multi_name;38;Мамин-Сибиряк Вадим Карл;compound_multi_name
45;Андреева Евгения Вильгельмовна;;;;39;Андреeва Евгeния Bильгeльмовнa;homoglyph_mixed
46;Мюллер Виктория Петровна;39;Виктория Петровна Мюллер;reverse_order;40;Мюллер В.;initials_first_only
47;Медведева Людмила Антуановна;40;Медведева Людмила Антуановна;compound_multi_name;41;Медведева Людмила Антуановна;etymology_cognate
48;Новиков Станислав Анатольевич;41;господин Новиков Станислав;honorific_title;42;Нoвиков Станислав Aнатoльeвич;homoglyph_mixed
49;Яковлев Александр Валентинович;42;Александр Яковлев;first_last;43;Zrjdktd Fktrcfylh;keyboard_layout
50;Новиков Антон-Лев Сергеевич;43;Новиков Лев Антон;compound_multi_name;44;Новиков Антон-Лев Сергеевич;etymology_cognate
51;Мамин-Сибиряк Илья Вячеславович;44;Мамин-Сибиряк Илья Вячеславович;compound_multi_name;45;Мамин-Сибиряк Илья Вячеславович;etymology_cognate
52;де Сен-Экзюпери Марина Леонидовна;45;Марина Леонидовна де Сен-Экзюпери;reverse_order;46;ДеСен-Экзюпери Марина;foreign_prefix_variation
53;Захарова Ангелина Викторовна;46;Захарова Ангелина Викторовна;exact;47;Захарова Ангелина Викторовна;foreign_prefix_variation
54;Давыдов Поль Артурович;;;;48;Даывдов Поль Артурович;typo_levenshtein
55;Алексеева Алиса Людвиговна;47;Алексеева Алиса Людвиговна;foreign_prefix_variation;;;
56;Лебедева Диана Егоровна;48;Диана Егоровна Лебедева;reverse_order;49;Лебдеева Диана Егоровна;typo_levenshtein
57;Белоусов Евгений Никитич;49;профессор Белоусов Евгений;honorific_title;;;
58;Федорова Людмила-Нина Викторовна;;;;50;Федорова Людмила Нина;compound_multi_name
59;Волкова Мари Львовна;50;Мари Волкова;first_last;51;сэр Волкова Мари;honorific_title
60;Борисов Людвиг Борисович;51;Людвиг Борисов;first_last;;;
